Country,ISO3,F1980,F1981,F1982,F1983,F1984,F1985,F1986,F1987,F1988,F1989,F1990,F1991,F1992,F1993,F1994,F1995,F1996,F1997,F1998,F1999,F2000,F2001,F2002,F2003,F2004,F2005,F2006,F2007,F2008,F2009,F2010,F2011,F2012,F2013,F2014,F2015,F2016,F2017,F2018,F2019,F2020,F2021,F2022
Afghanistan Islamic Rep. of,AFG,1,0,0,0,0,0,0,1,1,0,1,4,2,3,0,3,1,3,2,2,1,2,5,8,2,10,12,7,3,4,4,4,10,5,3,5,4,5,5,7,7,4,6
Albania,ALB,0,0,0,0,0,2,0,0,0,1,0,0,1,0,0,2,0,1,0,0,0,0,2,0,2,2,0,2,0,1,1,0,1,0,0,3,1,2,1,0,0,1,0
Algeria,DZA,0,2,1,0,1,1,0,0,1,0,0,0,1,2,3,0,1,1,0,1,5,1,3,5,2,3,1,7,1,2,0,1,2,0,0,2,0,1,1,1,0,3,1
American Samoa,ASM,0,0,0,0,0,0,0,0,0,1,0,0,0,0,0,0,0,0,0,0,0,0,0,1,1,1,0,0,0,0,0,0,0,0,0,0,0,0,0,0,0,0,0
Angola,AGO,0,1,0,0,0,1,0,0,0,2,0,0,0,0,0,0,0,1,0,0,5,3,1,2,4,1,1,2,1,3,3,4,1,1,0,3,4,2,1,3,3,2,0
Anguilla,AIA,0,0,0,0,0,0,0,0,0,0,0,0,0,0,0,0,0,0,0,1,0,0,0,0,0,0,0,0,0,0,0,0,0,0,0,0,0,1,0,0,0,0,0
Antigua and Barbuda,ATG,0,0,0,1,0,0,0,0,0,1,1,0,0,0,0,1,0,0,1,2,0,0,0,0,0,0,0,0,1,0,1,0,0,0,0,0,0,1,0,0,0,0,0
Argentina,ARG,2,0,1,2,1,2,2,3,1,0,1,0,2,4,1,4,0,1,2,1,8,7,3,4,3,1,1,3,1,5,1,0,3,2,4,4,2,4,5,4,2,2,1
Armenia Rep. of,ARM,0,0,0,0,0,0,0,0,0,0,0,0,0,0,0,0,0,1,1,0,1,0,0,0,1,0,0,0,0,0,0,0,0,2,0,0,1,0,1,1,1,0,0
Australia,AUS,0,2,3,1,1,3,4,0,3,3,4,3,3,4,8,5,9,4,6,5,5,9,5,10,6,4,8,2,5,6,8,3,2,3,4,8,3,3,3,3,3,7,5
Austria,AUT,1,1,2,1,2,1,0,0,0,0,5,2,0,1,1,1,1,1,0,2,2,0,3,1,0,3,1,2,1,4,0,0,1,1,0,0,1,2,0,2,0,1,1
Azerbaijan Rep. of,AZE,0,0,0,0,0,0,0,0,0,0,0,0,0,0,0,3,0,1,0,0,2,0,0,1,0,0,0,0,0,1,1,0,1,0,0,0,0,0,0,0,0,0,0
Azores Island,AZO,0,0,0,0,0,0,0,0,0,0,0,0,0,0,0,0,1,1,0,0,0,0,0,0,0,0,0,0,0,0,0,0,0,0,0,0,0,0,0,0,0,0,0
Bahamas The,BHS,0,0,0,0,0,0,0,0,1,0,1,0,1,0,0,1,0,0,0,1,0,1,0,0,3,1,0,1,2,0,0,1,1,1,0,1,1,1,0,1,0,0,0
Bangladesh,BGD,2,3,2,8,1,5,6,3,6,6,8,6,5,11,9,9,7,7,7,11,11,7,6,7,7,12,7,5,5,6,6,5,5,3,4,7,3,5,4,6,2,2,2
Barbados,BRB,1,0,0,0,1,0,0,1,0,0,0,0,0,0,0,1,0,0,0,0,0,0,1,0,1,0,0,0,0,0,2,0,0,0,0,0,0,1,0,0,0,1,0
Belarus Rep. of,BLR,0,0,0,0,0,0,0,0,0,0,0,0,0,1,0,0,1,1,0,1,1,0,0,0,0,1,0,1,0,0,0,0,1,1,1,0,0,1,1,0,0,0,0
Belgium,BEL,0,0,0,0,1,2,0,0,0,0,6,0,0,2,1,1,0,0,2,2,0,0,5,2,0,3,1,1,2,0,3,2,1,2,1,1,2,0,2,3,2,3,1
Belize,BLZ,0,0,0,0,0,0,0,0,0,0,2,0,0,0,0,1,0,0,1,0,1,2,0,0,0,2,0,1,2,0,1,0,0,0,0,1,1,0,0,0,1,0,1
Benin,BEN,1,0,1,0,1,1,0,0,1,0,0,1,0,0,1,1,1,1,1,1,0,0,0,0,0,0,0,1,1,3,1,1,1,2,0,0,0,0,0,0,1,1,1
Bermuda,BMU,0,0,0,0,0,1,1,1,0,1,0,0,0,0,0,0,0,0,0,0,0,0,0,1,0,0,0,0,0,0,0,0,0,0,0,0,0,0,0,0,0,0,0
Bhutan,BTN,0,0,0,0,0,0,0,0,0,0,0,0,0,0,2,0,0,0,0,1,1,0,0,0,1,0,0,0,0,1,0,0,0,0,0,0,0,0,0,0,0,1,0
Bolivia,BOL,1,0,1,3,1,1,1,1,1,0,1,0,3,0,2,0,1,2,1,2,4,2,3,4,1,1,2,3,2,1,4,2,1,5,4,1,3,0,1,4,3,7,1
Bosnia and Herzegovina,BIH,0,0,0,0,0,0,0,0,0,0,0,0,0,0,0,0,0,0,0,1,2,1,0,1,2,2,0,1,0,3,3,0,1,0,4,1,0,0,0,2,1,1,1
Botswana,BWA,0,1,0,0,0,0,0,0,1,0,1,0,0,0,0,1,0,0,0,0,1,0,0,0,1,0,0,0,0,3,0,1,0,1,0,1,0,1,1,1,0,0,0
Brazil,BRA,3,2,1,4,6,4,1,3,5,8,2,2,5,0,3,5,4,4,8,3,6,5,5,5,5,4,2,5,5,9,5,8,3,6,5,6,2,1,3,8,7,9,12
British Virgin Islands,VGB,0,0,0,0,0,0,0,0,0,0,0,0,0,0,0,0,1,0,0,0,0,0,0,0,0,0,0,0,0,0,0,0,0,0,0,0,0,2,0,0,0,0,0
Brunei Darussalam,BRN,0,0,0,0,0,0,0,0,0,0,0,0,0,0,0,0,0,0,1,0,0,0,0,0,0,0,0,0,0,0,0,0,0,0,0,0,0,0,0,0,0,0,0
Bulgaria,BGR,0,1,0,1,0,0,0,0,0,0,0,0,0,1,0,0,0,1,1,1,4,2,1,0,0,7,2,6,1,0,2,0,3,0,5,1,0,0,1,0,0,2,1
Burkina Faso,BFA,1,0,0,0,1,1,0,0,2,0,1,0,0,0,1,1,0,0,1,1,0,1,0,1,0,0,2,1,2,2,1,1,1,1,1,1,1,1,0,0,4,0,1
Burundi,BDI,0,0,0,0,0,0,0,0,0,1,0,0,0,0,0,0,0,0,0,2,1,0,2,1,3,2,7,2,3,2,4,2,0,0,1,2,0,1,3,3,3,1,0
Cabo Verde,CPV,1,0,1,0,1,0,0,0,0,0,0,0,1,0,0,0,0,0,1,0,0,0,1,0,0,0,0,0,0,1,0,0,0,0,0,1,0,1,0,0,1,0,1
Cambodia,KHM,0,0,0,0,0,0,0,1,0,0,0,1,0,0,2,0,1,1,0,2,1,2,2,0,1,2,2,1,0,2,1,1,1,1,1,2,1,0,1,1,2,4,2
Cameroon,CMR,0,0,0,0,0,0,0,0,1,0,1,1,0,0,1,0,0,0,0,1,1,2,0,1,0,2,0,1,1,0,1,0,3,1,1,1,0,1,0,1,1,0,4
Canada,CAN,1,1,1,1,1,2,4,3,2,2,1,1,2,1,3,4,2,3,3,3,1,2,2,7,4,5,5,3,2,3,1,4,3,3,2,1,2,3,4,2,2,4,6
Canary Island,SPI,0,0,0,0,0,0,0,0,0,0,0,0,0,0,0,0,0,0,0,1,0,1,1,0,1,1,0,1,0,0,0,0,0,0,0,0,0,0,0,0,0,0,0
Cayman Islands,CYM,0,0,0,0,0,0,0,0,0,0,0,0,0,0,0,0,0,0,0,0,0,1,2,0,2,0,0,0,2,0,0,0,0,0,0,0,0,0,0,0,0,0,0
Central African Rep.,CAF,0,1,0,1,0,0,0,0,0,0,0,0,0,0,0,2,1,0,1,2,0,1,1,1,1,1,0,1,1,3,1,2,2,2,0,1,0,2,0,1,0,1,3
Chad,TCD,1,0,0,0,0,1,0,0,2,0,0,1,0,1,0,1,0,1,1,1,0,2,0,0,0,0,1,3,2,3,1,0,3,0,0,0,0,1,0,2,2,1,2
Chile,CHL,0,0,1,0,2,0,2,3,0,1,1,2,3,2,0,2,0,4,0,1,3,4,5,1,2,3,1,1,2,0,1,3,2,1,2,4,1,5,0,2,0,2,2
China P.R.: Hong Kong,HKG,2,1,4,4,0,3,2,2,1,3,0,1,3,7,1,0,0,2,0,1,0,0,0,2,0,1,0,0,3,1,1,0,0,0,0,0,0,2,1,0,0,2,0
China P.R.: Macao,MAC,0,0,0,0,0,0,0,0,0,0,0,0,0,4,0,0,0,0,0,0,0,0,0,0,0,0,0,0,0,0,0,0,0,0,0,0,0,2,0,0,0,0,0
China P.R.: Mainland,CHN,5,7,6,7,5,12,10,12,15,9,14,10,16,16,15,12,16,17,11,18,24,27,24,16,18,28,30,18,23,24,21,13,22,34,33,31,30,26,20,13,11,12,7
Colombia,COL,1,2,2,1,1,0,5,3,2,1,4,4,0,4,3,2,3,1,2,6,3,6,5,4,2,4,1,4,3,3,6,3,3,1,5,4,2,7,2,6,6,11,14
Comoros Union of the,COM,0,1,0,1,0,1,0,1,0,1,0,0,0,0,0,0,0,0,0,0,0,0,0,1,0,0,0,0,0,1,0,0,1,0,1,0,0,0,0,2,0,0,0
Congo Dem. Rep. of the,COD,0,0,0,1,0,0,0,0,0,1,1,0,0,0,1,0,0,1,0,1,0,3,1,4,0,1,4,1,2,2,4,2,1,0,2,4,2,2,1,3,6,0,5
Congo Rep. of,COG,0,0,0,1,0,0,0,0,0,0,0,0,0,0,1,0,0,0,1,1,0,0,1,0,0,1,1,1,0,0,0,0,2,0,0,0,0,0,0,2,2,1,1
Cook Islands,COK,0,1,0,0,0,0,0,1,0,0,1,0,0,0,0,0,0,1,0,0,0,1,0,0,0,1,0,0,0,0,1,0,0,0,0,0,0,0,0,0,0,0,0
Costa Rica,CRI,1,0,0,0,0,0,0,0,2,0,0,1,1,1,2,1,3,0,2,1,1,1,2,1,2,3,0,2,4,0,2,1,1,0,1,1,1,1,2,0,1,1,1
Côte d'Ivoire,CIV,1,0,0,0,0,0,0,0,0,1,0,0,0,0,0,0,1,0,0,0,0,0,0,0,0,0,0,1,1,1,2,0,0,0,2,1,1,1,1,1,1,0,1
Croatia Rep. of,HRV,0,0,0,0,0,0,0,0,0,0,0,0,0,0,0,0,0,1,0,0,3,1,0,3,0,3,1,2,0,0,3,0,3,0,2,1,0,2,1,1,0,0,1
Cuba,CUB,1,1,1,1,0,2,2,1,3,0,2,0,1,4,2,3,3,1,2,2,2,1,3,1,3,2,2,3,5,0,0,0,3,1,0,2,1,1,2,1,2,2,3
Cyprus,CYP,0,0,0,1,0,0,0,0,0,0,0,1,0,0,0,0,0,0,1,0,3,0,0,1,1,0,0,1,0,0,0,0,0,0,0,0,0,0,0,0,0,1,0
Czech Rep.,CZE,0,0,0,0,0,0,0,0,0,0,0,0,0,0,0,0,1,1,1,0,1,0,3,1,0,3,2,1,1,2,4,0,2,1,0,0,0,1,1,0,1,3,2
Denmark,DNK,1,1,0,1,0,1,0,0,0,0,3,0,1,0,0,0,0,0,0,1,0,0,1,0,0,1,0,1,0,0,1,0,0,2,0,0,0,0,0,0,0,0,1
Djibouti,DJI,1,1,0,1,0,0,0,0,1,1,0,0,0,1,1,1,1,0,0,1,0,0,0,0,1,1,0,1,1,0,1,0,0,0,0,0,0,0,1,1,1,0,1
Dominica,DMA,1,0,0,0,1,0,0,0,0,1,0,0,0,0,0,2,0,0,0,1,0,0,0,0,0,0,0,1,0,0,0,1,0,0,0,1,0,1,0,0,0,0,0
Dominican Rep.,DOM,1,1,0,1,0,1,1,1,1,1,0,1,0,2,0,2,2,0,1,0,0,1,1,3,4,3,0,5,3,2,3,3,4,1,1,3,3,3,2,0,2,2,3
Ecuador,ECU,0,0,1,2,0,1,0,2,0,1,0,0,1,3,1,0,0,3,0,0,3,2,2,1,0,0,1,0,1,2,2,2,2,4,0,1,2,0,0,2,1,2,5
Egypt Arab Rep. of,EGY,0,0,0,0,0,0,0,1,0,0,0,1,0,0,1,2,2,2,0,0,1,0,2,0,1,0,0,0,0,0,3,0,0,0,0,3,1,0,0,0,1,1,0
El Salvador,SLV,0,0,2,0,0,0,0,0,2,1,0,0,1,1,1,1,1,1,2,1,2,2,2,0,0,4,1,2,2,2,3,1,0,0,1,2,0,1,2,0,4,1,2
Eritrea The State of,ERI,0,0,0,0,0,0,0,0,0,0,0,0,0,2,0,0,0,0,0,1,0,0,0,1,1,0,0,0,1,0,0,0,0,0,0,0,0,0,0,0,0,0,0
Estonia Rep. of,EST,0,0,0,0,0,0,0,0,0,0,0,0,0,0,0,0,0,0,0,0,0,0,0,0,0,2,0,0,0,0,0,0,1,0,0,0,0,0,1,0,0,0,0
Eswatini Kingdom of,SWZ,0,1,0,0,2,0,0,0,0,0,1,0,0,0,0,0,0,0,0,0,1,1,0,0,0,1,1,2,1,0,0,0,0,0,1,0,1,0,0,1,0,1,1
Ethiopia The Federal Dem. Rep. of,ETH,0,1,0,1,0,2,0,1,2,1,1,0,0,2,2,1,2,3,1,7,4,3,1,2,0,5,7,2,4,1,3,2,0,1,0,2,2,0,2,2,4,2,2
Fiji Rep. of,FJI,1,1,0,3,0,3,2,1,0,1,1,0,1,1,0,0,0,1,1,1,1,1,0,1,2,0,2,4,1,2,1,0,3,0,0,1,2,0,2,1,3,1,1
Finland,FIN,0,0,0,0,0,0,0,0,0,0,2,0,0,0,0,0,0,0,0,0,0,0,0,0,0,1,0,0,0,0,0,0,0,0,0,0,0,0,0,0,0,0,0
France,FRA,1,1,6,8,5,3,1,2,1,2,10,3,3,3,3,1,3,3,2,8,7,7,5,6,1,5,3,3,4,4,4,2,1,3,7,3,1,3,7,9,7,9,6
French Polynesia,PYF,0,0,0,2,0,0,0,1,0,0,0,0,0,0,0,0,0,0,2,0,0,0,0,0,0,0,0,0,0,0,1,0,0,0,0,0,0,1,0,0,0,0,0
Gabon,GAB,0,0,0,0,0,0,0,0,1,0,0,0,0,0,0,0,0,0,0,0,0,0,0,0,0,0,0,0,0,1,2,0,1,0,0,0,0,0,0,0,0,0,0
Gambia The,GMB,1,0,0,0,0,0,0,0,0,0,0,0,0,0,0,0,1,0,0,1,0,1,1,1,1,0,0,1,2,2,2,0,1,1,0,1,0,1,0,1,0,1,1
Georgia,GEO,0,0,0,0,0,0,0,0,0,0,0,0,0,0,0,1,0,3,0,0,1,1,0,0,2,1,1,0,0,0,0,1,2,3,1,1,0,0,1,1,1,1,1
Germany,DEU,0,0,0,0,0,0,0,0,0,0,6,1,1,3,4,2,1,2,1,4,0,1,4,3,1,5,5,3,3,3,4,1,2,4,2,0,1,3,2,3,1,3,4
Germany Dem Rep (former),DDR,0,0,0,0,2,1,0,0,0,0,0,0,0,0,0,0,0,0,0,0,0,0,0,0,0,0,0,0,0,0,0,0,0,0,0,0,0,0,0,0,0,0,0
Germany Fed Rep (former),DFR,0,0,0,2,2,1,0,0,1,0,0,1,0,0,0,0,0,0,0,0,0,0,0,0,0,0,0,0,0,0,0,0,0,0,0,0,0,0,0,0,0,0,0
Ghana,GHA,1,0,0,0,0,1,0,0,0,1,0,1,0,0,0,1,0,0,0,1,0,1,2,0,0,0,0,1,1,2,2,2,0,1,0,1,1,2,1,2,2,2,1
Greece,GRC,0,0,0,1,2,2,0,3,1,0,2,1,0,0,1,1,0,1,2,0,5,2,5,3,2,0,3,4,0,2,1,0,2,0,1,2,1,2,1,1,2,1,1
Grenada,GRD,1,0,0,0,0,0,0,0,0,0,1,0,0,0,0,0,0,0,0,1,0,0,1,0,1,0,0,0,0,0,1,0,0,0,0,0,0,0,0,0,0,0,0
Guam,GUM,0,0,0,0,0,0,0,1,0,0,0,0,1,0,0,0,0,1,0,0,0,0,2,0,2,0,0,0,0,0,0,0,0,0,0,0,0,0,0,0,0,0,0
Guatemala,GTM,0,0,1,0,0,0,0,3,1,1,0,0,0,0,2,1,1,0,2,1,2,3,3,2,0,4,1,3,4,2,5,6,1,0,4,3,2,6,3,2,5,3,2
Guinea,GIN,1,1,0,0,0,0,0,0,0,0,0,0,0,1,0,0,0,0,1,0,1,1,0,0,1,0,1,1,1,1,2,1,0,1,0,2,0,1,0,0,1,1,1
Guinea-Bissau,GNB,1,0,0,0,0,0,0,1,0,0,0,0,0,1,0,0,0,0,1,0,0,0,1,1,1,0,1,0,1,0,1,0,0,0,0,0,0,0,1,0,0,0,0
Guyana,GUY,0,0,0,0,0,0,0,0,1,1,0,0,0,0,0,0,1,1,0,0,0,0,0,0,0,1,1,0,1,0,1,0,0,0,0,1,0,1,0,0,0,1,1
Haiti,HTI,2,0,0,0,0,0,2,4,5,3,1,0,1,2,1,0,4,0,1,1,2,2,2,5,3,8,3,7,4,3,5,4,5,1,2,2,8,5,0,2,1,3,2
Honduras,HND,0,1,1,0,1,0,1,0,3,0,1,0,0,2,3,2,3,1,1,1,2,2,4,2,1,5,1,3,2,1,4,1,1,0,3,0,2,4,2,0,4,1,3
Hungary,HUN,0,0,0,0,1,0,1,0,0,0,0,0,1,0,0,0,1,1,0,3,1,2,1,2,1,4,2,1,1,0,1,0,1,2,1,0,1,1,1,1,0,0,0
Iceland,ISL,0,0,0,1,0,0,0,0,1,0,0,0,0,0,0,2,0,0,0,0,0,0,0,0,0,0,0,0,0,0,0,0,0,0,0,0,0,0,0,0,0,0,0
India,IND,10,6,6,10,9,9,10,10,8,7,12,9,8,9,5,9,12,9,14,7,13,17,13,16,6,25,20,20,11,17,17,12,9,11,16,19,15,18,23,12,11,16,7
Indonesia,IDN,3,4,7,4,4,4,5,6,3,3,2,4,2,2,7,5,6,2,2,4,8,8,9,13,7,6,12,10,13,7,8,8,11,12,8,11,12,10,8,14,26,21,13
Iran Islamic Rep. of,IRN,2,2,0,0,0,0,2,6,1,1,2,5,3,4,3,3,4,2,4,5,4,4,4,2,3,5,1,2,3,0,0,0,1,0,1,5,1,2,1,3,7,4,3
Iraq,IRQ,0,0,0,0,0,0,0,0,0,0,0,0,0,0,0,0,0,0,1,0,0,0,0,0,1,0,2,0,1,1,0,1,1,1,0,1,0,0,1,1,1,3,1
Ireland,IRL,0,0,0,1,0,0,1,1,0,0,3,1,0,1,0,0,1,0,1,1,1,0,1,0,1,1,0,0,0,1,0,1,0,0,1,1,0,1,1,0,1,0,1
Isle of Man,IMN,0,0,0,0,0,0,0,0,0,0,0,0,0,0,0,0,0,0,0,0,0,0,0,0,0,0,0,0,0,0,0,0,0,0,0,0,0,0,0,0,1,0,0
Israel,ISR,0,0,0,1,0,0,0,0,0,0,0,1,1,0,0,1,0,1,1,1,2,0,0,0,0,0,0,0,0,0,2,0,0,1,0,1,1,0,1,0,2,0,0
Italy,ITA,0,0,1,2,0,1,1,6,0,0,3,0,2,1,3,0,3,2,2,2,4,3,4,3,1,1,2,2,3,4,3,4,3,1,5,4,1,4,4,5,7,2,3
Jamaica,JAM,1,1,0,0,0,1,1,1,2,0,0,1,0,1,1,0,1,0,0,0,1,1,3,0,2,3,1,2,2,0,1,0,1,0,1,0,1,1,0,0,0,0,0
Japan,JPN,2,5,5,4,1,2,5,1,1,4,3,5,2,6,3,2,2,3,7,3,4,5,6,3,11,4,5,5,2,5,2,5,7,9,11,10,7,4,5,9,4,4,6
Jordan,JOR,0,0,0,0,0,0,0,1,0,0,0,2,1,0,0,0,0,1,0,1,3,0,1,0,0,0,0,0,0,0,0,0,0,0,0,0,0,0,2,0,0,0,0
Kazakhstan Rep. of,KAZ,0,0,0,0,0,0,0,0,0,0,0,0,0,1,0,1,0,2,0,0,1,2,0,0,1,1,0,0,1,0,2,1,2,0,1,1,0,1,1,0,1,1,0
Kenya,KEN,0,0,1,1,0,0,0,0,1,0,1,1,0,0,1,0,2,1,1,1,0,1,5,2,3,4,4,4,8,2,4,4,1,4,1,3,3,1,3,3,2,1,0
Kiribati,KIR,0,0,0,0,0,0,0,0,0,0,0,0,0,0,0,0,0,0,0,1,0,0,0,0,0,0,0,0,1,0,0,0,0,0,1,1,0,0,0,0,0,0,0
Korea Dem. People's Rep. of,PRK,0,0,0,0,0,0,0,2,0,0,0,0,0,1,0,2,1,2,1,1,1,2,2,0,2,1,2,2,0,0,3,3,3,1,0,2,2,1,3,2,1,1,0
Korea Rep. of,KOR,2,2,2,0,2,1,1,3,1,1,3,2,2,2,1,2,2,2,4,2,5,4,4,1,7,5,1,2,1,0,1,3,3,0,3,0,2,0,1,4,5,1,4
Kuwait,KWT,0,0,0,0,0,0,0,0,0,0,0,0,0,0,0,0,0,1,0,0,0,0,0,0,0,0,0,0,0,0,0,0,0,0,0,0,0,0,1,0,0,0,0
Kyrgyz Rep.,KGZ,0,0,0,0,0,0,0,0,0,0,0,0,0,0,2,0,0,0,1,0,1,0,1,1,3,1,1,1,0,1,1,0,2,0,1,0,0,1,0,0,0,1,1
Lao People's Dem. Rep.,LAO,0,1,0,0,1,0,0,1,1,0,0,3,2,1,1,3,1,0,0,1,1,1,1,0,0,0,0,0,1,2,0,2,0,2,1,2,1,1,3,2,2,1,1
Latvia,LVA,0,0,0,0,0,0,0,0,0,0,0,0,0,0,0,0,0,0,0,1,0,1,0,1,0,3,0,0,0,0,0,0,1,0,0,0,0,0,1,0,0,0,0
Lebanon,LBN,0,0,0,0,0,0,0,1,0,0,0,0,1,0,0,0,0,0,0,0,0,0,1,1,0,0,0,1,0,0,0,0,0,0,0,3,0,0,1,1,1,0,0
Lesotho Kingdom of,LSO,0,0,0,1,0,1,0,1,0,1,2,0,0,0,0,0,1,0,0,0,0,2,1,0,0,0,0,1,1,0,0,3,0,0,1,0,1,0,0,1,1,1,0
Liberia,LBR,1,0,0,0,0,0,0,0,0,0,1,0,0,0,0,1,0,0,1,0,0,0,0,0,0,0,0,2,1,1,1,0,0,0,0,0,1,0,0,0,0,0,0
Libya,LBY,0,0,0,0,0,0,0,0,0,0,0,0,0,0,0,1,0,0,0,0,0,0,0,0,0,0,0,0,0,0,0,0,0,1,0,0,0,0,0,1,0,0,0
Lithuania,LTU,0,0,0,0,0,0,0,0,0,0,0,0,1,1,0,0,0,0,0,2,0,1,0,0,0,2,1,0,0,0,2,0,2,0,0,0,0,0,2,0,0,0,0
Luxembourg,LUX,0,0,0,1,0,0,0,0,0,0,6,0,0,1,0,1,0,0,0,0,0,0,0,1,0,0,0,0,0,0,1,0,0,0,0,0,0,0,0,1,0,1,0
Madagascar Rep. of,MDG,0,2,1,1,1,0,2,0,1,1,0,1,0,0,3,0,1,2,1,0,3,0,4,4,2,4,2,4,4,3,1,1,3,2,2,3,1,2,2,3,3,2,7
Malawi,MWI,0,0,1,0,0,0,0,1,0,1,1,1,1,0,0,2,0,1,1,1,1,2,3,2,0,3,2,5,1,0,1,3,4,1,0,3,1,1,3,3,1,1,4
Malaysia,MYS,0,0,0,1,0,0,1,1,1,0,0,0,0,1,0,2,3,2,3,1,2,4,2,3,5,3,4,2,2,2,0,2,0,1,2,1,4,4,2,4,5,8,6
Maldives,MDV,0,0,0,0,0,0,0,1,0,0,0,1,0,0,0,0,0,0,0,0,0,0,0,0,0,0,0,1,0,0,0,0,0,0,0,0,0,0,0,1,0,1,0
Mali,MLI,1,0,0,0,0,0,0,0,1,1,0,1,0,0,0,0,0,0,2,1,1,2,1,1,0,3,2,2,1,1,3,2,0,2,0,1,1,0,1,2,1,0,2
Marshall Islands Rep. of the,MHL,0,0,0,0,0,0,0,0,0,0,0,1,0,0,0,0,0,0,0,0,0,0,0,0,0,0,0,0,1,0,0,0,0,1,1,1,0,0,1,0,0,0,1
Mauritania Islamic Rep. of,MRT,1,0,0,0,1,1,0,0,0,0,0,1,0,1,0,1,0,1,0,3,0,2,1,1,0,1,2,2,0,1,2,1,0,1,0,0,0,2,1,1,3,0,1
Mauritius,MUS,0,0,2,1,0,0,0,0,0,1,0,1,0,0,1,0,1,0,0,2,0,0,1,0,0,0,0,1,0,0,0,0,0,1,0,0,0,0,1,0,0,0,1
Mexico,MEX,2,1,3,3,2,0,1,2,5,2,3,3,3,7,0,7,6,6,9,7,6,6,7,8,3,7,7,7,3,7,8,11,2,5,6,4,7,5,3,6,7,10,5
Micronesia Federated States of,FSM,0,0,0,0,0,0,0,1,0,0,0,0,0,0,0,0,0,0,1,0,0,0,2,1,1,0,0,0,1,0,0,0,0,0,0,1,1,0,0,1,0,0,0
Moldova Rep. of,MDA,0,0,0,0,0,0,0,0,0,0,0,0,0,0,2,0,0,1,0,1,2,0,1,0,0,2,0,1,1,0,1,0,2,0,0,0,0,0,0,1,0,0,0
Mongolia,MNG,0,0,1,0,0,0,1,0,0,0,2,1,0,1,1,0,2,0,0,0,3,1,2,1,0,0,0,0,1,2,0,0,0,0,0,1,1,1,3,3,4,2,2
Montenegro,MNE,0,0,0,0,0,0,0,0,0,0,0,0,0,0,0,0,0,0,0,0,0,0,0,0,0,0,0,1,0,1,2,0,1,0,0,0,0,1,0,0,0,0,0
Montserrat,MSR,0,0,0,0,0,0,0,0,0,1,1,0,0,0,0,1,0,0,0,0,0,0,0,0,0,0,0,0,0,0,0,0,0,0,0,0,0,0,0,0,0,0,0
Morocco,MAR,0,0,1,1,1,0,0,0,0,0,0,0,0,0,0,3,2,1,0,1,3,1,1,1,0,1,3,0,2,2,2,0,1,0,3,0,1,2,1,3,0,2,0
Mozambique Rep. of,MOZ,0,2,0,0,1,2,0,1,1,1,1,0,0,0,1,0,1,2,2,1,5,4,2,5,0,3,0,6,4,2,2,3,3,1,2,1,4,1,2,5,3,3,4
Myanmar,MMR,0,1,1,0,0,0,0,0,0,0,0,1,1,0,1,1,0,1,0,1,0,1,1,0,1,1,2,4,1,1,2,1,1,2,2,6,5,2,4,3,2,1,0
Namibia,NAM,0,1,0,0,0,0,0,0,0,0,1,0,0,0,0,1,0,0,1,0,1,1,1,1,2,0,2,1,1,1,1,1,1,2,0,1,0,1,1,0,1,1,0
Nepal,NPL,0,2,1,2,1,1,2,1,3,1,1,2,1,2,0,3,3,1,2,2,1,1,2,2,1,3,4,1,2,5,2,6,3,2,6,2,3,3,2,2,1,4,4
Netherlands Antilles,ANT,0,0,0,0,0,0,0,0,0,1,0,0,0,0,0,1,0,0,0,0,0,0,0,0,0,0,0,0,0,0,0,0,0,0,0,0,0,0,0,0,0,0,0
Netherlands The,NLD,0,0,0,0,1,1,1,0,0,0,6,0,1,1,1,1,0,1,2,0,0,0,1,1,0,3,1,1,1,0,1,0,1,3,0,0,1,0,2,1,1,2,1
New Caledonia,NCL,0,3,0,0,0,0,0,0,0,0,0,0,0,0,0,0,0,0,0,1,0,0,0,1,0,0,0,0,0,0,0,0,0,0,0,0,0,0,0,0,0,1,0
New Zealand,NZL,2,1,0,1,1,2,3,2,4,1,0,1,3,0,1,0,1,2,1,1,2,1,1,1,2,2,1,1,0,0,0,0,1,2,0,2,1,2,1,0,3,4,1
Nicaragua,NIC,1,0,1,0,0,0,0,0,1,0,1,1,0,1,1,1,2,1,1,2,4,2,3,0,2,2,0,2,3,3,4,1,1,1,2,1,1,2,2,0,2,0,2
Niger,NER,1,0,0,0,0,0,0,0,2,0,1,0,0,0,1,0,0,1,1,2,1,2,1,1,0,1,1,1,1,2,2,3,1,2,1,2,2,3,1,2,3,1,2
Nigeria,NGA,0,1,0,0,0,1,0,0,2,0,0,0,1,0,1,0,0,0,2,4,9,3,2,1,5,2,3,3,0,2,1,5,2,1,1,1,2,2,2,2,3,2,3
North Macedonia Republic of ,MKD,0,0,0,0,0,0,0,0,0,0,0,0,0,1,0,1,0,0,0,0,1,1,1,2,2,2,1,2,0,0,0,0,1,1,1,2,1,1,0,0,0,1,0
Northern Mariana Islands,MNP,0,0,0,0,0,0,0,0,0,0,0,0,0,0,0,0,0,0,0,0,0,0,1,0,1,0,0,0,0,0,0,0,0,0,0,1,0,0,1,0,0,0,0
Norway,NOR,0,0,0,0,0,0,0,0,0,0,2,0,1,1,0,1,0,0,0,0,1,1,0,0,0,1,0,0,1,0,0,1,0,0,0,0,0,0,0,1,1,0,1
Oman,OMN,0,1,0,0,0,0,0,0,0,0,0,0,0,0,0,0,0,0,0,0,0,0,1,1,0,0,0,1,0,0,1,1,0,0,0,1,1,1,2,1,1,2,0
Pakistan,PAK,2,2,1,3,1,0,1,0,2,1,1,3,3,4,3,3,3,5,3,6,1,5,6,6,2,8,9,10,3,3,7,1,5,2,3,7,8,5,2,10,6,6,4
Palau Rep. of,PLW,0,0,0,0,0,0,0,0,0,0,0,0,0,0,0,0,0,0,0,0,0,0,0,0,0,0,0,0,0,0,0,0,1,1,0,1,0,0,0,0,0,1,0
Panama,PAN,0,0,0,1,1,0,1,0,1,0,0,1,1,0,0,1,0,0,1,2,1,1,2,1,3,1,3,1,2,1,4,2,2,1,1,2,1,1,1,0,3,2,1
Papua New Guinea,PNG,1,0,0,2,0,0,0,0,0,0,0,1,1,2,0,0,1,3,0,1,0,0,1,2,1,1,4,1,2,1,0,1,2,1,2,3,1,0,0,2,5,0,0
Paraguay,PRY,0,0,1,2,0,0,0,0,1,0,1,0,1,0,0,2,0,2,1,1,1,0,2,0,1,1,0,1,2,3,1,1,3,3,2,3,1,0,2,4,0,2,0
Peru,PER,1,2,3,4,1,2,2,4,2,1,5,1,2,1,2,1,0,3,2,3,2,4,5,3,4,0,2,2,1,6,3,5,3,3,4,3,1,3,0,5,4,8,2
Philippines,PHL,8,12,13,6,4,5,7,6,8,12,9,9,7,10,17,13,5,4,6,16,10,9,11,10,12,4,19,14,20,23,13,30,18,13,12,16,10,11,8,9,7,13,9
Poland Rep. of,POL,1,0,1,2,0,0,0,1,0,0,1,0,1,0,1,0,0,2,2,2,1,2,3,0,1,4,1,2,2,3,3,1,4,2,1,2,2,1,2,1,2,3,3
Portugal,PRT,0,1,0,3,0,1,1,0,0,1,0,1,0,0,0,0,2,2,0,0,1,2,1,3,2,2,2,0,2,0,3,0,0,3,2,1,1,2,3,1,0,0,3
Qatar,QAT,0,0,0,0,0,0,0,0,0,0,0,0,0,0,0,0,0,0,0,0,0,0,0,0,0,0,0,0,0,0,0,0,0,0,0,0,0,0,1,0,0,0,0
Romania,ROU,0,0,0,1,1,0,0,0,0,0,0,1,0,1,3,1,1,2,3,3,5,3,4,2,6,9,7,6,3,3,2,0,1,1,3,1,2,1,3,1,1,1,0
Russian Federation,RUS,0,0,0,0,0,0,0,0,0,0,0,0,3,6,8,6,4,3,8,5,19,10,11,4,7,9,3,2,0,0,8,3,8,2,1,2,3,2,2,5,0,5,3
Rwanda,RWA,0,0,0,0,1,0,0,0,1,1,0,0,0,0,0,0,1,0,0,1,0,2,1,2,0,0,1,2,1,0,2,1,1,0,0,1,2,2,4,2,5,1,3
Saint Barthélemy,BLM,0,0,0,0,0,0,0,0,0,0,0,0,0,0,0,0,0,0,0,0,0,0,0,0,0,0,0,0,0,0,0,0,0,0,0,0,0,1,0,0,0,0,0
Saint Helena,SHN,0,0,0,0,0,0,0,0,0,0,0,0,0,0,0,0,0,0,0,0,0,1,0,0,0,0,0,0,0,0,0,0,0,0,0,0,0,0,0,0,0,0,0
Saint Martin (French Part),MAF,0,0,0,0,0,0,0,0,0,0,0,0,0,0,0,0,0,0,0,0,0,0,0,0,0,0,0,0,0,0,0,0,0,0,0,0,0,1,0,0,0,0,0
Samoa,WSM,0,0,0,2,0,0,0,0,0,1,1,1,0,0,0,0,0,0,0,0,0,1,0,0,1,1,0,0,0,0,0,0,1,0,0,1,0,0,1,0,0,0,0
São Tomé and Príncipe Dem. Rep. of,STP,0,0,0,1,0,0,0,0,0,0,0,0,0,0,0,0,0,0,0,0,0,0,0,0,0,0,0,0,0,0,0,0,0,0,0,0,0,0,0,0,0,1,0
Saudi Arabia,SAU,0,0,1,0,0,1,0,0,0,0,0,0,0,0,0,0,0,0,0,0,0,0,1,2,1,2,0,0,0,1,2,1,1,2,0,2,3,1,0,3,1,0,0
Senegal,SEN,1,0,0,1,0,1,0,0,1,0,0,0,0,1,1,0,0,0,1,2,1,0,2,1,1,1,0,1,1,1,2,2,1,1,1,0,1,0,1,1,1,0,1
Serbia and Montenegro,SCG,0,0,0,0,0,0,0,0,0,0,0,0,1,0,0,0,0,0,0,2,4,0,1,0,0,3,2,0,0,0,0,0,0,0,0,0,0,0,0,0,0,0,0
Serbia Rep. of,SRB,0,0,0,0,0,0,0,0,0,0,0,0,0,0,0,0,0,0,0,0,0,0,0,0,0,0,0,2,0,2,5,0,3,2,5,0,2,1,1,1,1,1,0
Seychelles,SYC,0,0,0,0,0,0,0,0,0,0,0,0,0,0,0,0,0,1,0,0,0,0,1,0,0,0,0,0,0,0,0,0,0,1,1,0,0,0,0,0,0,0,0
Sierra Leone,SLE,0,0,0,0,1,0,0,0,0,0,0,0,0,0,0,0,1,0,0,1,0,0,0,0,1,1,0,1,0,1,2,1,0,1,0,1,0,1,0,2,0,0,1
Sint Maarten Kingdom of the Netherlands,SXM,0,0,0,0,0,0,0,0,0,0,0,0,0,0,0,0,0,0,0,0,0,0,0,0,0,0,0,0,0,0,0,0,0,0,0,0,0,1,0,0,0,0,0
Slovak Rep.,SVK,0,0,0,0,0,0,0,0,0,0,0,0,0,0,0,0,0,1,1,1,1,1,1,1,2,2,2,1,0,0,3,0,1,1,0,0,0,1,0,1,1,1,0
Slovenia Rep. of,SVN,0,0,0,0,0,0,0,0,0,0,0,0,0,0,0,0,0,0,0,0,0,0,0,1,0,1,0,2,0,0,0,0,1,0,2,0,0,0,0,0,1,1,0
Solomon Islands,SLB,0,0,1,0,0,1,1,0,0,0,0,0,1,1,0,0,0,1,1,0,0,0,1,2,0,0,0,0,0,1,2,1,1,1,1,3,0,0,1,0,1,0,0
Somalia,SOM,1,1,0,1,0,0,0,2,1,2,0,0,0,0,2,1,1,2,0,1,3,1,1,2,2,3,5,2,2,1,3,2,2,3,2,5,1,0,2,3,4,1,1
South Africa,ZAF,1,2,0,1,2,0,1,1,2,0,2,1,0,2,2,2,4,1,2,5,5,6,6,2,2,0,2,3,3,4,1,3,2,1,1,1,3,5,0,6,2,4,8
South Sudan Rep. of,SSD,0,0,0,0,0,0,0,0,0,0,0,0,0,0,0,0,0,0,0,0,0,0,0,0,0,0,0,0,3,1,2,0,2,2,0,0,2,0,0,3,1,2,1
Soviet Union (former),SUN,0,2,2,3,3,2,0,4,1,3,5,3,0,0,0,0,0,0,0,0,0,0,0,0,0,0,0,0,0,0,0,0,0,0,0,0,0,0,0,0,0,0,0
Spain,ESP,1,1,2,2,3,3,0,2,0,3,3,1,0,0,4,2,2,2,2,2,5,1,1,2,3,2,3,4,0,2,2,1,2,2,1,2,1,2,4,8,1,3,2
Sri Lanka,LKA,1,2,3,1,4,1,1,1,1,1,2,1,2,3,3,1,1,1,2,1,3,2,1,1,1,1,1,3,4,3,2,4,3,3,7,2,2,3,3,6,3,5,5
St. Kitts and Nevis,KNA,0,0,0,0,1,0,0,1,0,1,1,0,0,0,0,1,0,0,1,1,0,0,0,0,0,0,0,0,1,0,0,0,0,0,0,0,0,1,0,0,0,0,0
St. Lucia,LCA,1,0,0,1,0,0,1,1,1,0,0,0,0,0,1,0,1,0,0,1,0,0,0,0,1,0,0,1,0,0,3,0,0,1,0,0,1,0,0,0,0,1,1
St. Vincent and the Grenadines,VCT,1,0,0,0,0,0,1,2,0,0,0,0,1,0,0,0,0,0,0,1,0,0,1,0,1,1,0,0,0,0,2,1,0,1,0,0,2,0,0,0,0,1,0
Sudan,SDN,1,0,0,3,0,0,0,1,1,0,1,1,0,1,1,0,4,1,2,5,0,1,2,1,0,2,3,1,0,1,2,2,1,1,1,3,1,1,3,2,1,2,2
Suriname,SUR,0,0,0,0,0,0,0,0,0,0,0,0,0,0,0,0,0,0,0,0,0,0,0,0,0,0,1,0,1,0,0,0,0,0,0,0,0,0,0,0,0,1,1
Sweden,SWE,0,0,0,0,0,1,0,0,0,0,2,0,0,0,0,0,0,0,0,1,0,0,1,0,0,2,0,0,0,0,0,0,0,1,0,0,0,0,1,0,1,1,0
Switzerland,CHE,0,0,1,3,1,1,2,2,1,0,4,0,0,3,1,0,0,1,1,3,1,1,3,2,0,2,2,3,0,1,2,1,2,2,1,0,0,0,1,1,1,3,0
Syrian Arab Rep.,SYR,0,0,0,0,0,0,0,0,0,0,0,0,0,0,0,0,0,0,0,1,0,1,1,0,1,0,1,0,1,0,0,0,0,0,0,2,0,0,0,1,1,2,1
Taiwan Province of China,TWN,0,1,0,1,1,0,3,1,0,1,2,1,1,0,5,0,2,2,3,0,2,5,2,1,5,5,3,2,5,1,2,0,3,3,2,3,4,2,1,1,1,2,1
Tajikistan Rep. of,TJK,0,0,0,0,0,0,0,0,0,0,0,0,2,1,1,0,1,1,3,2,1,3,4,3,1,3,2,3,2,1,2,1,2,1,2,3,1,2,1,1,1,2,0
Tanzania United Rep. of,TZA,0,0,1,0,1,0,1,0,2,1,3,0,0,2,2,2,1,3,2,0,1,2,1,2,1,1,3,0,4,3,0,4,1,0,2,2,3,1,1,5,4,3,1
Thailand,THA,1,2,0,1,2,1,1,1,1,1,1,4,4,6,7,2,2,3,0,7,5,6,6,4,6,6,3,5,6,1,2,4,2,3,7,2,4,6,0,3,7,6,11
Timor-Leste Dem. Rep. of,TLS,0,0,0,0,0,0,0,0,0,0,0,0,0,0,0,0,0,0,0,0,0,1,0,2,0,0,1,3,0,0,0,0,0,0,0,0,1,0,0,0,1,1,0
Togo,TGO,1,0,0,0,0,0,0,0,0,1,0,0,0,0,1,2,0,0,1,1,0,0,0,0,0,0,1,1,1,1,2,0,0,0,0,0,0,1,0,0,1,0,1
Tokelau,TKL,0,0,0,0,0,0,0,1,0,0,1,0,0,0,0,0,0,0,0,0,0,0,0,0,0,1,0,0,0,0,0,0,0,0,0,0,0,0,0,0,0,0,0
Tonga,TON,0,0,2,0,0,0,0,0,0,0,1,0,0,0,0,0,0,1,2,0,0,1,0,0,1,0,0,0,0,0,0,1,0,0,1,1,3,0,1,0,1,0,0
Trinidad and Tobago,TTO,0,0,0,0,0,0,0,0,0,0,1,0,0,1,0,0,1,0,0,0,0,0,0,0,2,1,0,0,0,0,1,0,0,0,0,0,0,0,1,0,0,0,1
Tunisia,TUN,0,0,1,0,0,0,1,0,1,0,1,0,0,0,0,0,0,0,0,0,0,0,0,2,0,0,0,2,0,1,0,0,0,0,0,0,0,1,2,0,1,2,1
Türkiye Rep. of,TUR,2,1,0,0,1,1,0,1,2,0,2,2,0,1,2,3,1,0,3,0,4,5,2,1,7,5,2,4,1,4,1,1,1,1,0,2,0,1,1,3,5,3,3
Turkmenistan,TKM,0,0,0,0,0,0,0,0,0,0,0,0,0,1,0,0,0,0,0,0,0,0,0,0,0,0,0,0,0,0,0,0,0,0,0,0,0,0,0,0,0,0,0
Turks and Caicos Islands,TCA,0,0,0,0,0,1,0,0,0,0,1,0,0,0,0,0,0,0,0,0,0,0,0,0,1,0,0,0,3,0,0,0,0,0,0,0,0,1,0,0,0,0,0
Tuvalu,TUV,0,0,0,0,1,0,0,1,0,0,1,0,0,1,0,0,0,0,0,0,0,0,0,0,0,0,0,0,0,0,0,1,0,0,0,1,0,0,0,0,1,1,0
Uganda,UGA,0,0,0,0,0,0,0,1,0,0,0,0,0,0,0,0,0,2,2,1,2,3,4,2,2,1,2,2,2,0,2,2,2,1,0,0,2,1,1,8,6,3,5
Ukraine,UKR,0,0,0,0,0,0,0,0,0,0,0,0,1,2,0,1,1,2,1,0,4,1,0,1,0,2,2,2,2,1,1,0,3,1,0,0,2,1,1,0,3,1,0
United Arab Emirates,ARE,0,0,0,0,0,0,0,0,0,0,0,0,0,0,0,0,0,0,0,0,0,0,0,0,0,0,0,0,0,0,0,0,0,0,0,0,0,1,0,0,0,0,0
United Kingdom,GBR,0,1,0,1,1,0,1,1,0,1,7,2,0,2,2,1,1,3,4,3,6,2,5,1,1,4,0,4,3,3,2,0,5,5,2,2,0,1,2,3,3,1,5
United States,USA,7,4,13,9,14,15,6,9,22,17,21,35,29,28,14,17,14,33,32,22,30,26,29,22,20,16,28,23,21,17,15,23,25,28,19,29,26,24,19,20,23,43,25
United States Virgin Islands,VIR,0,0,0,0,0,0,0,0,0,1,0,0,0,0,0,2,0,0,1,1,0,0,0,0,1,0,0,0,0,0,0,0,0,0,0,0,0,2,0,0,0,0,0
Uruguay,URY,0,0,0,0,0,0,1,0,0,0,0,1,1,1,0,0,0,1,1,2,3,1,2,1,1,1,0,3,0,1,1,0,0,0,0,3,1,1,1,3,2,0,1
Uzbekistan Rep. of,UZB,0,0,0,0,0,0,0,0,0,0,0,0,0,0,0,0,0,0,0,1,1,0,0,0,0,1,0,0,0,0,0,0,0,0,0,0,0,0,0,0,1,1,1
Vanuatu,VUT,0,2,0,0,0,1,0,1,3,0,0,0,2,1,0,0,0,0,1,1,0,2,1,0,1,0,0,0,0,1,0,2,0,0,1,1,0,1,0,0,1,0,0
Venezuela Rep. Bolivariana de,VEN,0,1,0,0,0,1,0,2,3,0,0,0,0,1,2,0,2,1,0,3,2,0,1,2,2,4,1,0,1,1,2,3,1,0,0,1,1,0,2,1,1,2,8
Vietnam,VNM,3,0,1,3,3,2,2,3,2,3,4,7,5,4,3,2,6,4,4,5,11,7,6,4,6,10,11,6,10,6,7,5,4,10,3,5,8,9,7,8,11,8,8
Wallis and Futuna Islands,WLF,0,0,0,0,0,0,1,0,0,0,0,0,0,0,0,0,0,0,0,0,0,0,0,0,0,0,0,0,0,0,0,0,1,0,0,0,0,0,0,0,0,0,0
West Bank and Gaza,PSE,0,0,0,0,0,0,0,0,0,0,0,0,0,0,0,0,0,0,0,0,0,0,0,0,0,0,0,0,1,0,1,0,1,2,0,2,0,0,0,0,1,0,1
Yemen Rep. of,YEM,0,0,0,0,0,0,0,0,0,0,0,1,0,1,0,0,2,0,2,1,0,3,4,1,0,3,2,3,1,1,2,0,0,1,0,2,2,1,2,3,5,2,3
Zambia,ZMB,0,1,0,1,0,0,0,0,0,1,1,0,0,0,0,1,0,0,1,0,1,1,0,2,1,2,0,3,1,1,2,1,0,1,1,0,0,0,0,2,3,1,1
Zimbabwe,ZWE,0,1,0,0,0,0,0,0,0,0,1,0,0,0,0,0,0,0,2,0,1,2,0,2,0,0,0,4,0,0,2,1,0,2,2,1,1,2,0,2,0,2,2
